id,name,park,land,type,status,latitude,longitude,,
emporium,Emporium,disneyland,Main Street U.S.A.,Gift Shop,operating,33.8106109759686,-117.919125246926,,
disneyana,Disneyana,disneyland,Main Street U.S.A.,Boutique,operating,33.8101135330388,-117.918576410115,,
mad-hatter-main-street,The Mad Hatter (Main Street),disneyland,Main Street U.S.A.,Gift Shop,operating,33.8104451304484,-117.91851738352,,
candy-palace,Candy Palace & Candy Kitchen,disneyland,Main Street U.S.A.,Gift Shop,operating,33.8113207176016,-117.919103293654,,
crystal-arts,Crystal Arts,disneyland,Main Street U.S.A.,Boutique,operating,33.811183597456,-117.918872557173,,
disney-showcase,Disney Showcase,disneyland,Main Street U.S.A.,Boutique,operating,33.8105440423076,-117.918773735632,,
silhouette-studio,Silhouette Studio,disneyland,Main Street U.S.A.,Boutique,operating,33.8112188869936,-117.918882699309,,
20th-century-music,20th Century Music Company,disneyland,Main Street U.S.A.,Gift Shop,operating,33.8106422508844,-117.918876307124,,
new-century-jewelry,New Century Jewelry,disneyland,Main Street U.S.A.,Boutique,operating,33.8108621681124,-117.919076384968,,
fortuosity-shop,Fortuosity Shop,disneyland,Main Street U.S.A.,Gift Shop,operating,33.8109304580656,-117.919092667299,,
china-closet,The China Closet,disneyland,Main Street U.S.A.,Boutique,operating,33.8113032698276,-117.918876676363,,
disney-clothiers,"Disney Clothiers, Ltd.",disneyland,Main Street U.S.A.,Gift Shop,operating,33.8110573328072,-117.918862699559,,
plaza-point,Plaza Point (Disney Showcase),disneyland,Main Street U.S.A.,Gift Shop,operating,33.8114241042698,-117.918841547308,,
main-street-magic-shop,Main Street Magic Shop,disneyland,Main Street U.S.A.,Boutique,operating,33.8105869601993,-117.91886645334,,
penny-arcade,Penny Arcade,disneyland,Main Street U.S.A.,Gift Shop,operating,33.8112556158726,-117.919096601372,,
crystal-arcade,Crystal Arcade,disneyland,Main Street U.S.A.,Gift Shop,operating,33.8107890875894,-117.919094033564,,
market-house,Market House,disneyland,Main Street U.S.A.,Gift Shop,operating,33.8109060743132,-117.918876953576,,
adventureland-bazaar,Adventureland Bazaar,disneyland,Adventureland,Gift Shop,operating,33.8116797259584,-117.919927900608,,
pieces-of-eight,Pieces of Eight,disneyland,New Orleans Square,Gift Shop,operating,33.8111643042114,-117.92107488995,,
cristal-dorleans,Cristal d'Orleans,disneyland,New Orleans Square,Boutique,operating,33.8111101250011,-117.9213625211,,
mlle-antoinettes,Mlle. Antoinette's Parfumerie,disneyland,New Orleans Square,Boutique,operating,33.811130804809,-117.921466166593,,
la-mascarade,La Mascarade d'Orleans,disneyland,New Orleans Square,Boutique,operating,33.8110786076497,-117.92153178448,,
eudoras-chic-boutique,Eudora's Chic Boutique Featuring Tiana's Gourmet Secrets,disneyland,New Orleans Square,Boutique,operating,33.8110014205125,-117.921358354516,,
madame-leotas,Madame Leota's Somewhere Beyond,disneyland,New Orleans Square,Gift Shop,operating,33.811872573906,-117.922224333552,,
parasol-cart,Parasol Cart,disneyland,New Orleans Square,Cart/Kiosk,operating,33.8110731525332,-117.921267427983,,
portrait-artists,Portrait Artists,disneyland,New Orleans Square,Cart/Kiosk,operating,33.8110731525332,-117.921267427983,,
rays-berets,Ray's Berets,disneyland,Bayou Country,Gift Shop,operating,33.8123334728024,-117.92223167971,,
louis-critter-club,Louis' Critter Club,disneyland,Bayou Country,Gift Shop,operating,33.8121610966717,-117.923254533982,,
pooh-corner,Pooh Corner,disneyland,Bayou Country,Gift Shop,operating,33.8122722066723,-117.923227210084,,
pioneer-mercantile,Pioneer Mercantile,disneyland,Frontierland,Gift Shop,operating,33.8120032335635,-117.919815154943,,
westward-ho,Westward Ho Trading Company,disneyland,Frontierland,Gift Shop,operating,33.8122177851822,-117.919780482864,,
bonanza-outfitters,Bonanza Outfitters,disneyland,Frontierland,Gift Shop,operating,33.8120425811533,-117.919934418505,,
frontierland-shootin-exposition,Frontierland Shootin' Exposition,disneyland,Frontierland,Cart/Kiosk,operating,33.8121508731746,-117.919715728046,,
bibbidi-bobbidi-boutique,Bibbidi Bobbidi Boutique,disneyland,Fantasyland,Boutique,operating,33.8129538505035,-117.919176252056,,
small-world-toy-shop,It's a Small World Toy Shop,disneyland,Fantasyland,Gift Shop,operating,33.8144607287215,-117.918080649779,,
merlins-marvelous-miscellany,Merlin's Marvelous Miscellany,disneyland,Fantasyland,Gift Shop,operating,33.812940326509,-117.918908069362,,
fairy-tale-treasures,Fairy Tale Treasures,disneyland,Fantasyland,Gift Shop,operating,33.8125127392425,-117.919600925866,,
mad-hatter-fantasyland,The Mad Hatter (Fantasyland),disneyland,Fantasyland,Gift Shop,operating,33.8134448537143,-117.91860774401,,
le-petit-chalet,Le Petit Chalet,disneyland,Fantasyland,Cart/Kiosk,operating,33.813703040173,-117.917918507313,,
fantasy-faire-gifts,Fantasy Faire Gifts,disneyland,Fantasyland,Cart/Kiosk,operating,33.8142490361336,-117.918145116919,,
royal-reception,Royal Reception,disneyland,Fantasyland,Boutique,seasonal,33.8134970969368,-117.919295592466,,
engineear-souvenirs,EngineEar Souvenirs,disneyland,Mickey's Toontown,Gift Shop,operating,33.8155287280228,-117.918425586229,,
star-trader,The Star Trader,disneyland,Tomorrowland,Gift Shop,operating,33.8118350749409,-117.917300992786,,
little-green-men,Little Green Men Store Command,disneyland,Tomorrowland,Gift Shop,operating,33.812278452412,-117.917466143086,,
tomorrowlanding,TomorrowLanding,disneyland,Tomorrowland,MagicBand+,operating,33.8120528063904,-117.917060312351,,
savis-workshop,Savi's Workshop -- Handbuilt Lightsabers,disneyland,Star Wars: Galaxy's Edge,Boutique,operating,33.814408533534,-117.921078947246,,
droid-depot,Droid Depot,disneyland,Star Wars: Galaxy's Edge,Boutique,operating,33.8142157526324,-117.920953295041,,
dok-ondars,Dok-Ondar's Den of Antiquities,disneyland,Star Wars: Galaxy's Edge,Boutique,operating,33.8145987620277,-117.921317648413,,
creature-stall,Creature Stall,disneyland,Star Wars: Galaxy's Edge,Gift Shop,operating,33.8142863334643,-117.921891599928,,
toydarian-toymaker,Toydarian Toymaker,disneyland,Star Wars: Galaxy's Edge,Cart/Kiosk,operating,33.8144098757359,-117.921830917735,,
black-spire-outfitters,Black Spire Outfitters,disneyland,Star Wars: Galaxy's Edge,Gift Shop,operating,33.8144424904519,-117.921750287138,,
first-order-cargo,First Order Cargo,disneyland,Star Wars: Galaxy's Edge,Gift Shop,operating,33.8145604434534,-117.920478173844,,
resistance-supply,Resistance Supply,disneyland,Star Wars: Galaxy's Edge,Gift Shop,operating,33.8139762872546,-117.922825789691,,
jewels-of-bith,Jewels of Bith,disneyland,Star Wars: Galaxy's Edge,Cart/Kiosk,operating,33.8144352690155,-117.921677999383,,
elias-and-co,Elias & Co.,californiaadventure,Buena Vista Street,Gift Shop,operating,33.8080256952836,-117.91875685777,,
los-feliz-five-and-dime,Los Feliz Five and Dime,californiaadventure,Buena Vista Street,Gift Shop,operating,33.8083970596624,-117.91877238164,,
julius-katz-and-sons,Julius Katz & Sons,californiaadventure,Buena Vista Street,Boutique,operating,33.8081340782035,-117.919155937669,,
big-top-toys,Big Top Toys,californiaadventure,Buena Vista Street,Gift Shop,operating,33.8081441070029,-117.918804568866,,
oswalds,Oswald's,californiaadventure,Buena Vista Street,Gift Shop,operating,33.8085708911204,-117.918581592025,,
kingswell-camera-shop,Kingswell Camera Shop,californiaadventure,Buena Vista Street,Boutique,operating,33.808370181773,-117.919170884832,,
trolley-treats,Trolley Treats,californiaadventure,Buena Vista Street,Boutique,operating,33.8080007341535,-117.91907306825,,
atwater-ink-and-paint,Atwater Ink & Paint,californiaadventure,Buena Vista Street,Boutique,operating,33.8079523630885,-117.919289755804,,
off-the-page,Off the Page,californiaadventure,Hollywood Land,Boutique,operating,33.8075387211976,-117.917872556634,,
gone-hollywood,Gone Hollywood,californiaadventure,Hollywood Land,Gift Shop,operating,33.8077224625005,-117.9182788711,,
studio-store,Studio Store,californiaadventure,Hollywood Land,Gift Shop,operating,33.8080500288917,-117.917657144111,,
web-suppliers,WEB Suppliers,californiaadventure,Avengers Campus,Gift Shop,operating,33.806583694847,-117.91847561931,,
collectors-warehouse,The Collector's Warehouse,californiaadventure,Avengers Campus,Gift Shop,operating,33.8068851386952,-117.91683536507,,
avengers-vault,Avengers Vault,californiaadventure,Avengers Campus,Boutique,operating,33.8064233509953,-117.917640698489,,
campus-supply-pod,Campus Supply Pod,californiaadventure,Avengers Campus,Cart/Kiosk,operating,33.8066542460901,-117.917993192078,,
san-fransokyo-makers-market,San Fransokyo Maker's Market,californiaadventure,San Fransokyo Square,Gift Shop,operating,33.8054553229135,-117.92009346375,,
ramones-house-of-body-art,Ramone's House of Body Art,californiaadventure,Cars Land,Boutique,operating,33.805378777444,-117.918699133038,,
sarges-surplus-hut,Sarge's Surplus Hut,californiaadventure,Cars Land,Gift Shop,operating,33.8059647414095,-117.919290766797,,
radiator-springs-curios,Radiator Springs Curios,californiaadventure,Cars Land,Gift Shop,operating,33.8057439436728,-117.918613963837,,
knicks-knacks,Knick's Knacks,californiaadventure,Pixar Pier,Gift Shop,operating,33.8052503222213,-117.920603011059,,
bing-bongs-sweet-stuff,Bing Bong's Sweet Stuff,californiaadventure,Pixar Pier,Boutique,operating,33.8050640286978,-117.92251924221,,
midway-mercantile,Midway Mercantile,californiaadventure,Pixar Pier,Gift Shop,operating,33.8045453304296,-117.921531837243,,
seaside-souvenirs,Seaside Souvenirs,californiaadventure,Performance Corridor,Cart/Kiosk,operating,33.8063079841165,-117.922168377581,,
embarcadero-gifts,Embarcadero Gifts,californiaadventure,Performance Corridor,Boutique,operating,33.8062990685672,-117.920784357792,,
sunglass-hut-dca,Sunglass Hut - DCA,californiaadventure,Performance Corridor,Cart/Kiosk,operating,33.806298938118,-117.922548114979,,
rushin-river-outfitters,Rushin' River Outfitters,californiaadventure,Grizzly Peak,Gift Shop,operating,33.8073450520221,-117.920987367452,,
humphreys-service-supplies,Humphrey's Service & Supplies,californiaadventure,Grizzly Peak,Gift Shop,operating,33.8079155920761,-117.920149177232,,
world-of-disney,World of Disney,downtown,Downtown Disney District,Gift Shop,operating,33.8086051770198,-117.921020252642,,
d-lander-shop,The D-Lander Shop,downtown,Downtown Disney District,Boutique,operating,33.8084434327772,-117.924776916668,,
disney-storyland-boutique,Disney Storyland Boutique,downtown,Downtown Disney District,Boutique,operating,33.8090615659755,-117.923267151213,,
avengers-reserve,Avengers Reserve,downtown,Downtown Disney District,Gift Shop,operating,33.8085659633877,-117.924789027198,,
star-wars-trading-post,Star Wars Trading Post,downtown,Downtown Disney District,Gift Shop,operating,33.8092299773987,-117.924833815498,,
wonderful-world-of-sweets,Disney Wonderful World of Sweets,downtown,Downtown Disney District,Gift Shop,operating,33.8088189274746,-117.922711761401,,
disney-home,Disney Home,downtown,Downtown Disney District,Gift Shop,operating,33.8090037044205,-117.923195159831,,
wonderground-gallery,WonderGround Gallery,downtown,Downtown Disney District,Boutique,operating,33.8089355875041,-117.922361226311,,
pin-traders,Disney's Pin Traders,downtown,Downtown Disney District,Cart/Kiosk,operating,33.809225279162,-117.924504953091,,
lego-store,The LEGO Store,downtown,Downtown Disney District,Gift Shop,operating,33.8088392842759,-117.924395647168,,
pandora-jewelry,PANDORA Jewelry,downtown,Downtown Disney District,Boutique,operating,33.8086145755322,-117.922124709909,,
sephora,Sephora,downtown,Downtown Disney District,Boutique,operating,33.8086584216581,-117.922394206882,,
curl-surf,Curl Surf,downtown,Downtown Disney District,Boutique,operating,33.8086192730223,-117.922060633602,,
lululemon,lululemon,downtown,Downtown Disney District,Boutique,operating,33.8091351974192,-117.925357565306,,
lovepop,Lovepop,downtown,Downtown Disney District,Boutique,operating,33.8089535955,-117.923152756458,,
pele-soccer,Pele Soccer,downtown,Downtown Disney District,Boutique,operating,33.8089277579565,-117.923086795578,,
nectar-life,Nectar Life,downtown,Downtown Disney District,Boutique,operating,33.8083227056896,-117.924761231462,,
kamans-art-shoppes,"Kaman’s Art Shoppes, Inc. Caricatures",downtown,Downtown Disney District,Cart/Kiosk,operating,33.8087681849627,-117.920961709636,,
kawaii-slime-cart,Kawaii Slime Cart,downtown,Downtown Disney District,Cart/Kiosk,operating,33.8087968971979,-117.920763862144,,
sunglass-hut,Sunglass Hut,downtown,Downtown Disney District,Cart/Kiosk,operating,33.8086208396316,-117.921981480447,,
acorns-gifts-goods,Acorns Gifts & Goods,grandcalifornian,Disney's Grand Californian Hotel,Gift Shop,operating,33.8079525237777,-117.922302465382,,
fantasia-shop,Disney's Fantasia Shop,disneyland_hotel,Disneyland Hotel,Gift Shop,operating,33.80907772011,-117.927129453521,,
small-world-gifts,Small World Gifts & Sundries,disneyland_hotel,Disneyland Hotel,Gift Shop,operating,33.8091919990753,-117.926741220742,,
stor-e,STOR-E,pixar_place_hotel,Pixar Place Hotel,Gift Shop,operating,33.806238578371,-117.92434916828,,
trader-sams-mug,Trader Sam’s Mug Release,disneyland_hotel,Disneyland Hotel,Gift Shop,operating,33.8091949936566,-117.927181842093,,